,y_eval,y_pred,diff
2603,2.0,1.0,-1.0
2636,2.0,2.0,0.0
2649,2.0,2.0,0.0
2651,2.0,2.0,0.0
2654,2.0,1.0,-1.0
2658,1.0,1.0,0.0
2660,2.0,1.0,-1.0
2668,2.0,1.0,-1.0
2694,2.0,2.0,0.0
2700,1.0,1.0,0.0
2719,3.0,3.0,0.0
2740,2.0,1.0,-1.0
2766,2.0,2.0,0.0
2822,1.0,1.0,0.0
2833,2.0,3.0,1.0
2841,2.0,2.0,0.0
2851,4.0,4.0,0.0
2853,2.0,2.0,0.0
2864,2.0,2.0,0.0
2867,2.0,2.0,0.0
2878,2.0,2.0,0.0
2909,2.0,2.0,0.0
2910,2.0,2.0,0.0
2919,2.0,3.0,1.0
2921,2.0,2.0,0.0
2935,1.0,1.0,0.0
2974,2.0,2.0,0.0
3002,2.0,2.0,0.0
3015,2.0,2.0,0.0
3027,2.0,2.0,0.0
3053,2.0,1.0,-1.0
3071,2.0,2.0,0.0
3106,2.0,2.0,0.0
3113,1.0,2.0,1.0
3130,2.0,2.0,0.0
3132,2.0,2.0,0.0
3134,2.0,2.0,0.0
3642,1.0,2.0,1.0
3649,2.0,2.0,0.0
3656,2.0,2.0,0.0
3657,2.0,2.0,0.0
3660,2.0,2.0,0.0
3663,2.0,1.0,-1.0
3665,3.0,2.0,-1.0
3668,3.0,2.0,-1.0
3671,2.0,2.0,0.0
3673,2.0,2.0,0.0
3674,1.0,1.0,0.0
3675,1.0,1.0,0.0
3676,2.0,3.0,1.0
3681,1.0,2.0,1.0
3683,3.0,2.0,-1.0
3687,2.0,2.0,0.0
3691,4.0,3.0,-1.0
3693,1.0,1.0,0.0
3700,1.0,4.0,3.0
3709,2.0,2.0,0.0
3710,3.0,2.0,-1.0
3716,1.0,1.0,0.0
3721,3.0,1.0,-2.0
4237,3.0,2.0,-1.0
4241,1.0,1.0,0.0
4242,1.0,1.0,0.0
4246,2.0,1.0,-1.0
4250,2.0,2.0,0.0
4253,1.0,1.0,0.0
4255,1.0,1.0,0.0
4257,2.0,1.0,-1.0
4260,3.0,2.0,-1.0
4262,4.0,3.0,-1.0
4263,1.0,1.0,0.0
4264,1.0,1.0,0.0
4266,1.0,1.0,0.0
4267,1.0,1.0,0.0
4268,2.0,3.0,1.0
4271,1.0,2.0,1.0
4273,4.0,1.0,-3.0
4274,2.0,1.0,-1.0
4276,2.0,2.0,0.0
4277,1.0,1.0,0.0
4278,1.0,1.0,0.0
4282,2.0,2.0,0.0
4285,1.0,1.0,0.0
4288,2.0,1.0,-1.0
4289,3.0,2.0,-1.0
4291,2.0,2.0,0.0
4294,1.0,1.0,0.0
4295,2.0,2.0,0.0
4298,1.0,1.0,0.0
4299,2.0,2.0,0.0
4300,1.0,1.0,0.0
4302,1.0,1.0,0.0
4305,4.0,3.0,-1.0
4307,1.0,1.0,0.0
4310,1.0,1.0,0.0
4312,1.0,1.0,0.0
4315,1.0,2.0,1.0
4316,3.0,1.0,-2.0
4318,3.0,2.0,-1.0
4320,1.0,1.0,0.0
4324,1.0,1.0,0.0
4325,2.0,2.0,0.0
4326,2.0,2.0,0.0
4328,2.0,2.0,0.0
4329,2.0,1.0,-1.0
4332,3.0,1.0,-2.0
4337,1.0,1.0,0.0
4338,1.0,1.0,0.0
4340,3.0,1.0,-2.0
4342,3.0,2.0,-1.0
4344,2.0,2.0,0.0
4347,3.0,2.0,-1.0
4348,1.0,1.0,0.0
4350,2.0,1.0,-1.0
4353,2.0,1.0,-1.0
4354,2.0,1.0,-1.0
4355,3.0,2.0,-1.0
4356,3.0,1.0,-2.0
4357,2.0,3.0,1.0
4360,2.0,1.0,-1.0
4361,2.0,1.0,-1.0
4364,2.0,2.0,0.0
4365,2.0,4.0,2.0
4370,1.0,1.0,0.0
4371,3.0,2.0,-1.0
4372,1.0,1.0,0.0
4373,1.0,2.0,1.0
4374,2.0,2.0,0.0
4376,3.0,2.0,-1.0
4377,1.0,1.0,0.0
4379,2.0,4.0,2.0
4389,2.0,2.0,0.0
4391,1.0,1.0,0.0
4393,2.0,2.0,0.0
4394,1.0,1.0,0.0
4397,3.0,1.0,-2.0
4399,3.0,1.0,-2.0
4402,4.0,2.0,-2.0
4404,3.0,2.0,-1.0
4409,3.0,1.0,-2.0
4411,1.0,2.0,1.0
4414,3.0,1.0,-2.0
4415,2.0,2.0,0.0
4416,1.0,1.0,0.0
4419,2.0,2.0,0.0
4422,3.0,1.0,-2.0
4423,2.0,2.0,0.0
4424,2.0,2.0,0.0
4425,2.0,3.0,1.0
4428,2.0,1.0,-1.0
4429,2.0,2.0,0.0
4430,2.0,2.0,0.0
4432,4.0,2.0,-2.0
4434,3.0,2.0,-1.0
4435,2.0,2.0,0.0
4436,2.0,1.0,-1.0
4437,2.0,4.0,2.0
4439,2.0,4.0,2.0
4440,2.0,1.0,-1.0
4442,2.0,2.0,0.0
4451,3.0,1.0,-2.0
4452,1.0,2.0,1.0
4453,2.0,2.0,0.0
4454,2.0,1.0,-1.0
4457,1.0,1.0,0.0
4458,2.0,2.0,0.0
4459,2.0,2.0,0.0
4460,1.0,1.0,0.0
4461,2.0,1.0,-1.0
4463,3.0,2.0,-1.0
4464,2.0,2.0,0.0
4465,1.0,1.0,0.0
4466,3.0,2.0,-1.0
4469,2.0,2.0,0.0
4470,1.0,1.0,0.0
4471,4.0,2.0,-2.0
4472,2.0,1.0,-1.0
4478,2.0,1.0,-1.0
4480,2.0,2.0,0.0
4483,1.0,1.0,0.0
4485,1.0,1.0,0.0
4487,3.0,2.0,-1.0
4489,2.0,1.0,-1.0
4490,2.0,3.0,1.0
4491,1.0,1.0,0.0
4492,3.0,4.0,1.0
4494,3.0,1.0,-2.0
4495,2.0,1.0,-1.0
4502,3.0,4.0,1.0
4503,3.0,2.0,-1.0
4504,3.0,2.0,-1.0
4506,3.0,3.0,0.0
4507,1.0,1.0,0.0
4508,4.0,1.0,-3.0
4509,1.0,2.0,1.0
4510,2.0,1.0,-1.0
4512,2.0,2.0,0.0
4515,1.0,1.0,0.0
4516,2.0,1.0,-1.0
4518,1.0,1.0,0.0
4519,3.0,2.0,-1.0
4520,4.0,1.0,-3.0
4524,2.0,3.0,1.0
4531,2.0,1.0,-1.0
4532,4.0,3.0,-1.0
4534,2.0,2.0,0.0
4535,4.0,2.0,-2.0
4537,3.0,4.0,1.0
4538,2.0,1.0,-1.0
4539,2.0,1.0,-1.0
4540,1.0,2.0,1.0
4543,3.0,1.0,-2.0
4548,2.0,2.0,0.0
4553,1.0,1.0,0.0
4554,1.0,1.0,0.0
4555,1.0,2.0,1.0
4556,2.0,4.0,2.0
4559,3.0,1.0,-2.0
4560,2.0,1.0,-1.0
4562,2.0,3.0,1.0
4566,1.0,1.0,0.0
4567,1.0,1.0,0.0
4569,1.0,1.0,0.0
4570,1.0,2.0,1.0
4574,2.0,1.0,-1.0
4575,1.0,1.0,0.0
4589,2.0,2.0,0.0
4591,2.0,2.0,0.0
4592,1.0,2.0,1.0
4593,3.0,3.0,0.0
4597,3.0,2.0,-1.0
4599,2.0,1.0,-1.0
4603,1.0,1.0,0.0
4604,2.0,4.0,2.0
4607,1.0,1.0,0.0
4608,2.0,2.0,0.0
4610,3.0,2.0,-1.0
4612,1.0,4.0,3.0
4616,1.0,1.0,0.0
4620,2.0,1.0,-1.0
4621,1.0,2.0,1.0
4622,2.0,1.0,-1.0
4624,4.0,2.0,-2.0
4625,2.0,2.0,0.0
4628,1.0,2.0,1.0
4632,4.0,2.0,-2.0
4633,1.0,2.0,1.0
4635,3.0,2.0,-1.0
4636,3.0,2.0,-1.0
4638,2.0,2.0,0.0
4639,4.0,2.0,-2.0
4640,1.0,1.0,0.0
4642,2.0,4.0,2.0
4643,1.0,1.0,0.0
4645,2.0,2.0,0.0
4646,1.0,2.0,1.0
4648,1.0,3.0,2.0
4649,1.0,1.0,0.0
4650,1.0,1.0,0.0
4655,2.0,2.0,0.0
4656,3.0,4.0,1.0
4658,3.0,1.0,-2.0
4660,3.0,2.0,-1.0
4661,1.0,3.0,2.0
4666,2.0,3.0,1.0
4667,2.0,2.0,0.0
4669,1.0,1.0,0.0
4670,3.0,2.0,-1.0
4671,4.0,1.0,-3.0
4675,1.0,1.0,0.0
4676,2.0,1.0,-1.0
4677,2.0,2.0,0.0
4679,2.0,1.0,-1.0
4681,3.0,2.0,-1.0
4682,3.0,4.0,1.0
4684,2.0,2.0,0.0
4686,2.0,1.0,-1.0
4687,1.0,1.0,0.0
4696,2.0,2.0,0.0
4698,2.0,2.0,0.0
4700,1.0,1.0,0.0
4701,1.0,2.0,1.0
4702,1.0,1.0,0.0
4703,1.0,1.0,0.0
4705,3.0,2.0,-1.0
4706,4.0,2.0,-2.0
4707,2.0,2.0,0.0
4709,1.0,2.0,1.0
4710,2.0,1.0,-1.0
4712,3.0,2.0,-1.0
4715,3.0,4.0,1.0
4717,1.0,3.0,2.0
4718,4.0,2.0,-2.0
4720,4.0,1.0,-3.0
4721,2.0,1.0,-1.0
4724,3.0,1.0,-2.0
4725,1.0,1.0,0.0
4728,1.0,1.0,0.0
4730,2.0,2.0,0.0
4733,2.0,3.0,1.0
4735,2.0,2.0,0.0
4737,2.0,2.0,0.0
4744,1.0,3.0,2.0
4747,1.0,1.0,0.0
4749,1.0,1.0,0.0
4751,1.0,2.0,1.0
4752,2.0,2.0,0.0
6091,4.0,4.0,0.0
6092,2.0,1.0,-1.0
6093,4.0,4.0,0.0
6094,3.0,2.0,-1.0
6095,1.0,2.0,1.0
6096,1.0,3.0,2.0
6097,1.0,1.0,0.0
6098,2.0,3.0,1.0
6099,4.0,4.0,0.0
6100,2.0,1.0,-1.0
6101,1.0,1.0,0.0
6102,1.0,1.0,0.0
6103,1.0,2.0,1.0
6104,1.0,3.0,2.0
6105,1.0,1.0,0.0
6106,4.0,4.0,0.0
6107,1.0,3.0,2.0
6108,3.0,2.0,-1.0
6109,3.0,4.0,1.0
6110,1.0,1.0,0.0
6111,2.0,3.0,1.0
6112,4.0,4.0,0.0
6113,1.0,2.0,1.0
6114,4.0,1.0,-3.0
6115,1.0,3.0,2.0
6116,4.0,4.0,0.0
6117,4.0,3.0,-1.0
6118,2.0,2.0,0.0
6119,2.0,2.0,0.0
6120,2.0,2.0,0.0
6121,1.0,1.0,0.0
6122,4.0,4.0,0.0
6123,2.0,4.0,2.0
6124,2.0,1.0,-1.0
6125,3.0,1.0,-2.0
6126,4.0,4.0,0.0
6127,1.0,1.0,0.0
6128,3.0,4.0,1.0
6129,2.0,1.0,-1.0
6130,4.0,3.0,-1.0
6131,4.0,4.0,0.0
6132,4.0,1.0,-3.0
6133,4.0,4.0,0.0
6134,4.0,1.0,-3.0
6135,3.0,3.0,0.0
6136,3.0,1.0,-2.0
6137,1.0,1.0,0.0
6138,2.0,2.0,0.0
6139,2.0,1.0,-1.0
6140,3.0,1.0,-2.0
6141,2.0,1.0,-1.0
6142,4.0,1.0,-3.0
6143,1.0,1.0,0.0
6144,2.0,1.0,-1.0
6145,2.0,2.0,0.0
6146,4.0,2.0,-2.0
6147,1.0,1.0,0.0
6148,4.0,1.0,-3.0
6149,3.0,1.0,-2.0
6150,1.0,1.0,0.0
6151,4.0,4.0,0.0
6152,4.0,1.0,-3.0
6153,4.0,2.0,-2.0
6154,2.0,1.0,-1.0
6155,4.0,4.0,0.0
6156,3.0,3.0,0.0
6157,4.0,2.0,-2.0
6158,1.0,1.0,0.0
6159,1.0,1.0,0.0
6160,1.0,1.0,0.0
6161,3.0,4.0,1.0
6162,3.0,1.0,-2.0
6163,2.0,3.0,1.0
6164,4.0,2.0,-2.0
6165,4.0,4.0,0.0
6166,4.0,2.0,-2.0
6167,1.0,1.0,0.0
6168,2.0,3.0,1.0
6169,2.0,1.0,-1.0
6170,4.0,4.0,0.0
6171,3.0,3.0,0.0
6172,4.0,2.0,-2.0
6173,2.0,4.0,2.0
6174,4.0,2.0,-2.0
6175,1.0,4.0,3.0
6176,2.0,2.0,0.0
6177,3.0,1.0,-2.0
6178,2.0,1.0,-1.0
6179,3.0,3.0,0.0
6180,2.0,1.0,-1.0
6181,1.0,1.0,0.0
6182,1.0,1.0,0.0
6183,1.0,1.0,0.0
6184,3.0,4.0,1.0
6185,4.0,2.0,-2.0
6186,2.0,2.0,0.0
6187,2.0,2.0,0.0
6188,4.0,3.0,-1.0
6189,1.0,1.0,0.0
6190,1.0,1.0,0.0
6191,4.0,1.0,-3.0
6192,1.0,3.0,2.0
6193,1.0,1.0,0.0
6194,4.0,2.0,-2.0
6195,4.0,1.0,-3.0
6196,1.0,2.0,1.0
6197,1.0,1.0,0.0
6198,2.0,4.0,2.0
6199,4.0,1.0,-3.0
6200,4.0,3.0,-1.0
6201,1.0,1.0,0.0
6202,1.0,4.0,3.0
6203,2.0,1.0,-1.0
6204,1.0,3.0,2.0
6205,1.0,1.0,0.0
6206,1.0,1.0,0.0
6207,2.0,2.0,0.0
6208,1.0,1.0,0.0
6209,4.0,4.0,0.0
6210,1.0,2.0,1.0
6211,1.0,1.0,0.0
6212,4.0,4.0,0.0
6213,4.0,4.0,0.0
6214,4.0,1.0,-3.0
6215,4.0,4.0,0.0
6216,1.0,4.0,3.0
6217,1.0,1.0,0.0
6218,4.0,4.0,0.0
6219,1.0,1.0,0.0
6220,4.0,4.0,0.0
6221,3.0,1.0,-2.0
6222,3.0,1.0,-2.0
6223,3.0,1.0,-2.0
6224,4.0,1.0,-3.0
6225,2.0,1.0,-1.0
6226,3.0,1.0,-2.0
6227,4.0,3.0,-1.0
6228,3.0,3.0,0.0
6229,4.0,4.0,0.0
6230,3.0,1.0,-2.0
6231,3.0,1.0,-2.0
6232,1.0,1.0,0.0
6233,2.0,1.0,-1.0
6234,1.0,1.0,0.0
6235,4.0,4.0,0.0
6236,3.0,4.0,1.0
6237,4.0,4.0,0.0
6238,2.0,1.0,-1.0
6239,1.0,1.0,0.0
6240,2.0,2.0,0.0
6241,4.0,1.0,-3.0
6242,4.0,4.0,0.0
6243,1.0,1.0,0.0
6244,1.0,2.0,1.0
6245,3.0,4.0,1.0
6246,3.0,3.0,0.0
6247,3.0,3.0,0.0
6248,1.0,3.0,2.0
6249,2.0,1.0,-1.0
6250,1.0,1.0,0.0
6251,1.0,2.0,1.0
6252,2.0,1.0,-1.0
6253,3.0,4.0,1.0
6254,2.0,1.0,-1.0
6255,4.0,3.0,-1.0
6256,1.0,2.0,1.0
6257,3.0,4.0,1.0
6258,3.0,3.0,0.0
6259,1.0,4.0,3.0
6260,4.0,4.0,0.0
6261,3.0,4.0,1.0
6262,3.0,1.0,-2.0
6263,1.0,1.0,0.0
6264,4.0,4.0,0.0
6265,1.0,2.0,1.0
6266,2.0,2.0,0.0
6267,3.0,1.0,-2.0
6268,1.0,1.0,0.0
6269,2.0,2.0,0.0
6270,2.0,2.0,0.0
6271,1.0,2.0,1.0
6272,4.0,1.0,-3.0
6273,2.0,1.0,-1.0
6274,1.0,1.0,0.0
6275,3.0,3.0,0.0
6276,3.0,4.0,1.0
6277,2.0,2.0,0.0
6278,4.0,2.0,-2.0
6279,4.0,3.0,-1.0
6280,2.0,1.0,-1.0
6281,2.0,1.0,-1.0
6282,3.0,3.0,0.0
6283,1.0,1.0,0.0
6284,3.0,2.0,-1.0
6285,4.0,1.0,-3.0
6286,2.0,4.0,2.0
6287,2.0,3.0,1.0
6288,1.0,1.0,0.0
6289,2.0,4.0,2.0
6290,4.0,2.0,-2.0
6291,3.0,2.0,-1.0
6292,2.0,1.0,-1.0
6293,3.0,2.0,-1.0
6294,1.0,1.0,0.0
6295,1.0,1.0,0.0
6296,1.0,1.0,0.0
6297,2.0,2.0,0.0
6298,3.0,3.0,0.0
6299,1.0,1.0,0.0
6300,4.0,4.0,0.0
6301,2.0,2.0,0.0
6302,4.0,4.0,0.0
6303,1.0,1.0,0.0
6304,4.0,1.0,-3.0
6305,1.0,1.0,0.0
6306,4.0,3.0,-1.0
6307,1.0,4.0,3.0
6308,2.0,1.0,-1.0
6309,1.0,2.0,1.0
6310,3.0,2.0,-1.0
6311,3.0,1.0,-2.0
6312,3.0,3.0,0.0
6313,2.0,1.0,-1.0
6314,4.0,4.0,0.0
6315,1.0,1.0,0.0
6316,3.0,3.0,0.0
6317,2.0,2.0,0.0
6318,2.0,2.0,0.0
6319,3.0,1.0,-2.0
6320,3.0,4.0,1.0
6321,1.0,1.0,0.0
6322,4.0,4.0,0.0
6323,1.0,1.0,0.0
6324,2.0,2.0,0.0
6325,1.0,1.0,0.0
6326,4.0,4.0,0.0
6327,4.0,1.0,-3.0
6328,2.0,2.0,0.0
6329,1.0,1.0,0.0
6330,3.0,3.0,0.0
6331,4.0,3.0,-1.0
6332,4.0,2.0,-2.0
6333,1.0,1.0,0.0
6334,1.0,3.0,2.0
6335,4.0,2.0,-2.0
6336,2.0,1.0,-1.0
6337,2.0,1.0,-1.0
6338,2.0,1.0,-1.0
6339,1.0,2.0,1.0
6340,1.0,3.0,2.0
6341,2.0,1.0,-1.0
6342,2.0,2.0,0.0
6343,3.0,4.0,1.0
6344,4.0,4.0,0.0
6345,3.0,2.0,-1.0
6346,1.0,4.0,3.0
6347,2.0,1.0,-1.0
6348,4.0,4.0,0.0
6349,3.0,3.0,0.0
6350,1.0,1.0,0.0
6351,2.0,1.0,-1.0
6352,3.0,4.0,1.0
6353,4.0,4.0,0.0
6354,3.0,1.0,-2.0
6355,1.0,1.0,0.0
6356,2.0,2.0,0.0
6357,4.0,1.0,-3.0
6358,4.0,4.0,0.0
6359,1.0,2.0,1.0
6360,3.0,3.0,0.0
6361,1.0,1.0,0.0
6362,1.0,2.0,1.0
6363,1.0,3.0,2.0
6364,1.0,1.0,0.0
6365,1.0,2.0,1.0
6366,4.0,4.0,0.0
6367,3.0,2.0,-1.0
6368,4.0,1.0,-3.0
6369,3.0,1.0,-2.0
6370,1.0,2.0,1.0
6371,1.0,1.0,0.0
6372,3.0,2.0,-1.0
6373,2.0,3.0,1.0
6374,4.0,4.0,0.0
6375,1.0,1.0,0.0
6376,1.0,1.0,0.0
6377,1.0,1.0,0.0
6378,1.0,1.0,0.0
6379,2.0,1.0,-1.0
6380,2.0,1.0,-1.0
6382,1.0,1.0,0.0
6383,2.0,2.0,0.0
6384,4.0,4.0,0.0
6385,4.0,3.0,-1.0
6386,1.0,1.0,0.0
6387,1.0,1.0,0.0
6388,3.0,3.0,0.0
6389,2.0,4.0,2.0
6390,2.0,4.0,2.0
6391,3.0,3.0,0.0
6392,1.0,1.0,0.0
6393,1.0,3.0,2.0
6394,2.0,3.0,1.0
6395,3.0,3.0,0.0
6396,3.0,1.0,-2.0
6397,2.0,1.0,-1.0
6398,3.0,3.0,0.0
6399,2.0,1.0,-1.0
6400,3.0,1.0,-2.0
6401,1.0,1.0,0.0
6402,4.0,2.0,-2.0
6403,2.0,2.0,0.0
6404,1.0,1.0,0.0
6405,2.0,4.0,2.0
6406,4.0,2.0,-2.0
6407,3.0,3.0,0.0
6408,2.0,1.0,-1.0
6409,1.0,1.0,0.0
6410,2.0,3.0,1.0
6411,1.0,1.0,0.0
6412,1.0,2.0,1.0
6413,4.0,4.0,0.0
6414,3.0,2.0,-1.0
6415,1.0,1.0,0.0
6416,4.0,4.0,0.0
6417,4.0,3.0,-1.0
6418,4.0,4.0,0.0
6419,2.0,1.0,-1.0
6420,3.0,3.0,0.0
6421,1.0,1.0,0.0
6422,2.0,2.0,0.0
6423,3.0,2.0,-1.0
6424,3.0,3.0,0.0
6425,2.0,1.0,-1.0
6426,2.0,1.0,-1.0
6427,1.0,1.0,0.0
6428,1.0,3.0,2.0
6429,3.0,1.0,-2.0
6430,2.0,2.0,0.0
6431,2.0,1.0,-1.0
6432,4.0,1.0,-3.0
6433,2.0,4.0,2.0
6434,2.0,2.0,0.0
6435,1.0,1.0,0.0
6436,4.0,1.0,-3.0
6437,1.0,1.0,0.0
6438,1.0,1.0,0.0
6439,3.0,3.0,0.0
6440,2.0,2.0,0.0
6441,2.0,2.0,0.0
6442,2.0,3.0,1.0
6443,3.0,2.0,-1.0
6444,4.0,4.0,0.0
6445,1.0,1.0,0.0
6446,4.0,4.0,0.0
6447,3.0,3.0,0.0
6448,4.0,1.0,-3.0
6449,2.0,1.0,-1.0
6450,4.0,4.0,0.0
6451,1.0,1.0,0.0
6452,4.0,1.0,-3.0
6453,4.0,4.0,0.0
6454,3.0,1.0,-2.0
6455,1.0,2.0,1.0
6456,1.0,1.0,0.0
6457,1.0,2.0,1.0
7108,2.0,2.0,0.0
7118,1.0,1.0,0.0
7119,1.0,2.0,1.0
7130,2.0,2.0,0.0
7133,3.0,1.0,-2.0
7137,1.0,1.0,0.0
7148,1.0,1.0,0.0
7150,1.0,1.0,0.0
11491,1.0,2.0,1.0
11492,1.0,2.0,1.0
11493,2.0,2.0,0.0
12857,1.0,1.0,0.0
12858,2.0,1.0,-1.0
12865,1.0,1.0,0.0
12866,3.0,1.0,-2.0
12871,1.0,1.0,0.0
12872,1.0,1.0,0.0
12875,1.0,3.0,2.0
12879,3.0,3.0,0.0
12881,1.0,1.0,0.0
12883,3.0,1.0,-2.0
12885,3.0,2.0,-1.0
12887,3.0,1.0,-2.0
12889,1.0,1.0,0.0
12892,3.0,1.0,-2.0
12893,2.0,1.0,-1.0
12895,1.0,1.0,0.0
12899,1.0,1.0,0.0
12900,1.0,1.0,0.0
12902,1.0,1.0,0.0
12903,2.0,2.0,0.0
12904,1.0,1.0,0.0
13414,3.0,3.0,0.0
13415,2.0,1.0,-1.0
13416,1.0,1.0,0.0
13417,1.0,1.0,0.0
13418,3.0,1.0,-2.0
13419,2.0,1.0,-1.0
13420,4.0,4.0,0.0
13421,1.0,2.0,1.0
13422,1.0,1.0,0.0
13423,4.0,1.0,-3.0
13424,4.0,4.0,0.0
13425,2.0,1.0,-1.0
13426,1.0,1.0,0.0
13427,2.0,2.0,0.0
13428,1.0,2.0,1.0
13429,4.0,4.0,0.0
13430,1.0,3.0,2.0
13431,2.0,1.0,-1.0
13432,1.0,1.0,0.0
13433,3.0,1.0,-2.0
13434,1.0,3.0,2.0
13435,3.0,4.0,1.0
13436,4.0,4.0,0.0
13437,1.0,2.0,1.0
13438,4.0,1.0,-3.0
13439,4.0,4.0,0.0
13440,1.0,1.0,0.0
13441,3.0,1.0,-2.0
13442,3.0,1.0,-2.0
13443,3.0,3.0,0.0
13444,1.0,1.0,0.0
13445,4.0,1.0,-3.0
13446,4.0,4.0,0.0
13447,3.0,3.0,0.0
13448,2.0,3.0,1.0
13449,2.0,2.0,0.0
13450,3.0,1.0,-2.0
13451,4.0,4.0,0.0
13452,2.0,3.0,1.0
13453,4.0,4.0,0.0
13454,2.0,4.0,2.0
13455,1.0,2.0,1.0
13456,1.0,1.0,0.0
13458,1.0,1.0,0.0
13459,4.0,4.0,0.0
13460,4.0,1.0,-3.0
13461,4.0,2.0,-2.0
13462,1.0,1.0,0.0
13463,1.0,4.0,3.0
13464,1.0,1.0,0.0
13465,1.0,2.0,1.0
13466,1.0,1.0,0.0
13467,1.0,1.0,0.0
13468,4.0,1.0,-3.0
13470,3.0,1.0,-2.0
13471,2.0,3.0,1.0
13472,2.0,4.0,2.0
13473,3.0,1.0,-2.0
13474,2.0,4.0,2.0
13475,3.0,1.0,-2.0
13476,1.0,1.0,0.0
13477,1.0,1.0,0.0
13478,1.0,3.0,2.0
13479,2.0,1.0,-1.0
13480,1.0,1.0,0.0
13481,3.0,3.0,0.0
13482,2.0,3.0,1.0
13483,2.0,4.0,2.0
13484,4.0,3.0,-1.0
13485,1.0,1.0,0.0
13486,1.0,1.0,0.0
13487,3.0,3.0,0.0
13488,1.0,1.0,0.0
13489,2.0,1.0,-1.0
13490,1.0,2.0,1.0
13491,4.0,4.0,0.0
13492,1.0,1.0,0.0
13493,3.0,1.0,-2.0
13494,3.0,1.0,-2.0
13495,1.0,1.0,0.0
13496,1.0,1.0,0.0
13497,2.0,3.0,1.0
13498,1.0,3.0,2.0
13499,4.0,4.0,0.0
13500,1.0,2.0,1.0
13501,4.0,2.0,-2.0
13502,4.0,4.0,0.0
13503,2.0,1.0,-1.0
13504,1.0,4.0,3.0
13505,3.0,3.0,0.0
13506,1.0,1.0,0.0
13507,4.0,1.0,-3.0
13508,3.0,1.0,-2.0
13509,4.0,4.0,0.0
13510,1.0,2.0,1.0
13511,2.0,4.0,2.0
13512,4.0,3.0,-1.0
13513,1.0,1.0,0.0
13514,1.0,2.0,1.0
13590,1.0,1.0,0.0
13678,1.0,3.0,2.0
14121,1.0,1.0,0.0
14207,2.0,1.0,-1.0
14274,1.0,1.0,0.0
14276,2.0,1.0,-1.0
14277,3.0,3.0,0.0
14278,1.0,1.0,0.0
14377,1.0,2.0,1.0
14378,3.0,1.0,-2.0
14379,4.0,4.0,0.0
14380,2.0,1.0,-1.0
14381,1.0,1.0,0.0
14382,4.0,4.0,0.0
14383,3.0,1.0,-2.0
14384,1.0,4.0,3.0
14385,2.0,2.0,0.0
14386,2.0,4.0,2.0
14387,2.0,4.0,2.0
14388,4.0,2.0,-2.0
14389,2.0,4.0,2.0
14390,1.0,4.0,3.0
14391,1.0,1.0,0.0
14392,3.0,4.0,1.0
14393,2.0,1.0,-1.0
14394,1.0,1.0,0.0
14395,4.0,1.0,-3.0
14396,2.0,2.0,0.0
14397,1.0,1.0,0.0
14398,3.0,3.0,0.0
14399,1.0,1.0,0.0
14400,2.0,1.0,-1.0
14401,1.0,1.0,0.0
14402,4.0,2.0,-2.0
14403,1.0,1.0,0.0
14404,4.0,4.0,0.0
14405,1.0,1.0,0.0
14406,4.0,2.0,-2.0
14407,1.0,1.0,0.0
14408,2.0,1.0,-1.0
14409,1.0,3.0,2.0
14410,1.0,1.0,0.0
14411,3.0,2.0,-1.0
14412,3.0,1.0,-2.0
14413,1.0,1.0,0.0
14414,1.0,4.0,3.0
14415,3.0,1.0,-2.0
14416,2.0,2.0,0.0
14417,2.0,1.0,-1.0
14418,1.0,2.0,1.0
14419,2.0,2.0,0.0
14420,1.0,4.0,3.0
14421,1.0,1.0,0.0
14422,1.0,1.0,0.0
14423,2.0,1.0,-1.0
14425,1.0,2.0,1.0
14426,4.0,4.0,0.0
14427,1.0,1.0,0.0
14428,1.0,1.0,0.0
14429,2.0,4.0,2.0
14430,4.0,1.0,-3.0
14431,1.0,1.0,0.0
14432,2.0,3.0,1.0
14433,1.0,3.0,2.0
14434,3.0,4.0,1.0
14435,2.0,2.0,0.0
14521,1.0,1.0,0.0
14662,1.0,2.0,1.0
14663,1.0,1.0,0.0
14709,1.0,1.0,0.0
14926,4.0,4.0,0.0
14927,4.0,4.0,0.0
14928,1.0,1.0,0.0
14929,1.0,1.0,0.0
14930,1.0,1.0,0.0
14931,3.0,3.0,0.0
14932,1.0,2.0,1.0
14933,1.0,1.0,0.0
14934,3.0,1.0,-2.0
14935,1.0,1.0,0.0
14936,4.0,4.0,0.0
14937,4.0,1.0,-3.0
14938,1.0,1.0,0.0
14939,2.0,4.0,2.0
14940,2.0,2.0,0.0
14941,1.0,1.0,0.0
14942,2.0,1.0,-1.0
14943,1.0,1.0,0.0
14944,1.0,1.0,0.0
14945,4.0,2.0,-2.0
14946,4.0,3.0,-1.0
14947,1.0,1.0,0.0
14948,4.0,1.0,-3.0
14949,1.0,1.0,0.0
14950,2.0,3.0,1.0
14951,1.0,3.0,2.0
14952,2.0,1.0,-1.0
14953,1.0,1.0,0.0
14955,1.0,1.0,0.0
14956,4.0,4.0,0.0
14957,4.0,4.0,0.0
14958,3.0,1.0,-2.0
14959,2.0,1.0,-1.0
14960,2.0,3.0,1.0
14961,1.0,1.0,0.0
14962,1.0,3.0,2.0
14963,1.0,3.0,2.0
14964,3.0,3.0,0.0
14965,2.0,2.0,0.0
14966,4.0,1.0,-3.0
14967,1.0,1.0,0.0
14968,2.0,2.0,0.0
14969,1.0,1.0,0.0
14970,1.0,1.0,0.0
14971,1.0,1.0,0.0
14972,3.0,2.0,-1.0
14973,4.0,2.0,-2.0
14974,3.0,1.0,-2.0
14975,1.0,4.0,3.0
14976,3.0,3.0,0.0
14977,4.0,1.0,-3.0
14978,1.0,1.0,0.0
14979,3.0,1.0,-2.0
14980,3.0,1.0,-2.0
14981,4.0,1.0,-3.0
14982,1.0,4.0,3.0
14983,4.0,4.0,0.0
14984,1.0,2.0,1.0
14985,3.0,2.0,-1.0
14986,3.0,3.0,0.0
14987,4.0,2.0,-2.0
14988,3.0,3.0,0.0
14989,4.0,4.0,0.0
14990,2.0,1.0,-1.0
14991,1.0,1.0,0.0
14992,4.0,4.0,0.0
14993,3.0,1.0,-2.0
14994,3.0,2.0,-1.0
14995,4.0,4.0,0.0
14996,1.0,1.0,0.0
14997,3.0,3.0,0.0
14998,4.0,4.0,0.0
14999,2.0,3.0,1.0
15000,1.0,1.0,0.0
15001,1.0,3.0,2.0
15002,4.0,4.0,0.0
15003,4.0,4.0,0.0
15004,1.0,1.0,0.0
15005,4.0,4.0,0.0
15006,4.0,3.0,-1.0
15007,1.0,1.0,0.0
15008,1.0,2.0,1.0
15009,3.0,1.0,-2.0
15010,4.0,4.0,0.0
15011,4.0,4.0,0.0
15012,1.0,2.0,1.0
15013,1.0,1.0,0.0
15014,4.0,2.0,-2.0
15015,2.0,1.0,-1.0
15016,3.0,1.0,-2.0
15017,3.0,4.0,1.0
15018,1.0,1.0,0.0
15019,2.0,1.0,-1.0
15020,2.0,1.0,-1.0
15021,3.0,4.0,1.0
15022,1.0,1.0,0.0
15023,1.0,1.0,0.0
15024,2.0,3.0,1.0
15025,4.0,4.0,0.0
15026,3.0,4.0,1.0
15027,1.0,1.0,0.0
15028,1.0,1.0,0.0
15029,4.0,1.0,-3.0
15030,2.0,2.0,0.0
15031,3.0,4.0,1.0
15032,3.0,3.0,0.0
15033,4.0,1.0,-3.0
15034,4.0,4.0,0.0
15035,2.0,1.0,-1.0
15036,1.0,3.0,2.0
15037,1.0,1.0,0.0
15038,2.0,4.0,2.0
15039,1.0,3.0,2.0
15040,3.0,3.0,0.0
15041,3.0,2.0,-1.0
15754,2.0,2.0,0.0
15795,3.0,2.0,-1.0
15796,2.0,3.0,1.0
16150,1.0,1.0,0.0
16151,1.0,1.0,0.0
16198,1.0,2.0,1.0
16199,1.0,1.0,0.0
16200,1.0,1.0,0.0
16201,1.0,4.0,3.0
16202,1.0,1.0,0.0
16203,1.0,1.0,0.0
16204,1.0,1.0,0.0
16205,1.0,3.0,2.0
16206,1.0,2.0,1.0
16207,3.0,1.0,-2.0
16208,1.0,1.0,0.0
16210,1.0,1.0,0.0
16211,1.0,1.0,0.0
16212,2.0,2.0,0.0
16213,1.0,1.0,0.0
16345,1.0,1.0,0.0
16346,1.0,1.0,0.0
16347,1.0,1.0,0.0
16348,2.0,1.0,-1.0
16349,3.0,1.0,-2.0
16350,1.0,4.0,3.0
16351,2.0,1.0,-1.0
16353,4.0,1.0,-3.0
16354,1.0,1.0,0.0
16355,4.0,1.0,-3.0
16356,2.0,1.0,-1.0
16357,3.0,3.0,0.0
16358,1.0,1.0,0.0
16547,4.0,4.0,0.0
16548,1.0,2.0,1.0
16549,1.0,1.0,0.0
16550,2.0,2.0,0.0
16551,4.0,4.0,0.0
16552,4.0,4.0,0.0
16553,1.0,2.0,1.0
16554,4.0,1.0,-3.0
16555,3.0,3.0,0.0
16556,1.0,1.0,0.0
16557,1.0,3.0,2.0
16558,3.0,4.0,1.0
16559,4.0,4.0,0.0
16560,3.0,3.0,0.0
16561,3.0,1.0,-2.0
16562,4.0,1.0,-3.0
16563,1.0,1.0,0.0
16564,1.0,1.0,0.0
16565,1.0,1.0,0.0
16566,1.0,1.0,0.0
16567,1.0,1.0,0.0
16568,2.0,1.0,-1.0
16569,1.0,1.0,0.0
16570,3.0,2.0,-1.0
16571,1.0,4.0,3.0
16572,4.0,4.0,0.0
16573,1.0,1.0,0.0
16574,4.0,4.0,0.0
16575,3.0,1.0,-2.0
16576,4.0,1.0,-3.0
16577,1.0,1.0,0.0
16578,3.0,1.0,-2.0
16579,3.0,4.0,1.0
16580,3.0,1.0,-2.0
16581,3.0,4.0,1.0
16582,4.0,3.0,-1.0
16583,3.0,1.0,-2.0
16584,1.0,1.0,0.0
16585,1.0,1.0,0.0
16586,3.0,1.0,-2.0
16587,1.0,1.0,0.0
16588,4.0,2.0,-2.0
16589,1.0,2.0,1.0
16590,3.0,1.0,-2.0
16591,4.0,2.0,-2.0
16592,3.0,2.0,-1.0
16593,1.0,1.0,0.0
16594,3.0,1.0,-2.0
16595,1.0,1.0,0.0
16596,2.0,1.0,-1.0
16623,2.0,1.0,-1.0
16626,1.0,1.0,0.0
16775,3.0,2.0,-1.0
16776,4.0,3.0,-1.0
16777,3.0,1.0,-2.0
16778,4.0,1.0,-3.0
16888,1.0,1.0,0.0
16896,4.0,4.0,0.0
16897,1.0,1.0,0.0
16898,2.0,4.0,2.0
16899,4.0,1.0,-3.0
16976,1.0,1.0,0.0
17015,1.0,4.0,3.0
17016,1.0,1.0,0.0
17017,3.0,1.0,-2.0
17018,4.0,4.0,0.0
17019,3.0,1.0,-2.0
17020,1.0,1.0,0.0
17021,1.0,1.0,0.0
17022,3.0,3.0,0.0
17023,4.0,1.0,-3.0
17024,1.0,1.0,0.0
17025,4.0,1.0,-3.0
17026,3.0,3.0,0.0
17027,1.0,1.0,0.0
17028,3.0,1.0,-2.0
17029,2.0,2.0,0.0
17030,1.0,1.0,0.0
17031,1.0,1.0,0.0
17032,2.0,3.0,1.0
17033,1.0,1.0,0.0
17034,1.0,1.0,0.0
17035,1.0,1.0,0.0
17036,4.0,4.0,0.0
17037,2.0,1.0,-1.0
17038,1.0,1.0,0.0
17039,2.0,1.0,-1.0
17040,1.0,1.0,0.0
17041,1.0,2.0,1.0
17042,4.0,1.0,-3.0
17043,4.0,4.0,0.0
17178,1.0,1.0,0.0
17179,2.0,1.0,-1.0
17180,2.0,1.0,-1.0
17181,1.0,1.0,0.0
17182,2.0,1.0,-1.0
17183,2.0,2.0,0.0
17184,3.0,4.0,1.0
17185,1.0,1.0,0.0
17186,4.0,4.0,0.0
17187,3.0,2.0,-1.0
17188,4.0,1.0,-3.0
17189,4.0,1.0,-3.0
17190,4.0,1.0,-3.0
17191,1.0,2.0,1.0
17192,1.0,1.0,0.0
17193,3.0,3.0,0.0
17194,1.0,1.0,0.0
17195,1.0,3.0,2.0
17196,1.0,3.0,2.0
17197,1.0,3.0,2.0
17198,4.0,2.0,-2.0
17199,3.0,1.0,-2.0
17200,4.0,4.0,0.0
17201,2.0,2.0,0.0
17202,2.0,1.0,-1.0
17203,1.0,1.0,0.0
17204,1.0,2.0,1.0
17205,3.0,1.0,-2.0
17206,1.0,1.0,0.0
17207,4.0,1.0,-3.0
17208,4.0,2.0,-2.0
17209,1.0,1.0,0.0
17210,1.0,3.0,2.0
17211,4.0,4.0,0.0
17212,4.0,4.0,0.0
17213,2.0,1.0,-1.0
17214,2.0,1.0,-1.0
17215,2.0,1.0,-1.0
17216,1.0,1.0,0.0
17217,3.0,3.0,0.0
17554,4.0,3.0,-1.0
17555,2.0,1.0,-1.0
17556,3.0,3.0,0.0
17557,3.0,1.0,-2.0
17558,1.0,1.0,0.0
17559,3.0,3.0,0.0
17560,1.0,1.0,0.0
17561,1.0,4.0,3.0
17562,3.0,1.0,-2.0
17563,4.0,1.0,-3.0
17564,4.0,3.0,-1.0
17565,3.0,1.0,-2.0
17566,4.0,1.0,-3.0
17567,1.0,1.0,0.0
17568,4.0,1.0,-3.0
17569,2.0,4.0,2.0
17570,3.0,2.0,-1.0
17571,2.0,1.0,-1.0
17688,4.0,4.0,0.0
17721,1.0,1.0,0.0
17722,4.0,1.0,-3.0
17723,2.0,2.0,0.0
17724,2.0,1.0,-1.0
17725,2.0,3.0,1.0
17726,4.0,1.0,-3.0
17727,4.0,1.0,-3.0
17728,1.0,1.0,0.0
17729,4.0,3.0,-1.0
17730,1.0,1.0,0.0
17731,1.0,3.0,2.0
17732,2.0,1.0,-1.0
17733,3.0,1.0,-2.0
17734,4.0,4.0,0.0
17735,2.0,4.0,2.0
17736,2.0,1.0,-1.0
17737,4.0,1.0,-3.0
17738,1.0,1.0,0.0
17739,1.0,1.0,0.0
17740,2.0,1.0,-1.0
17741,1.0,2.0,1.0
17742,3.0,1.0,-2.0
17743,2.0,1.0,-1.0
17744,3.0,3.0,0.0
17745,3.0,3.0,0.0
17746,2.0,1.0,-1.0
17747,3.0,3.0,0.0
17748,2.0,4.0,2.0
17749,3.0,3.0,0.0
17750,1.0,1.0,0.0
17751,4.0,1.0,-3.0
17752,4.0,3.0,-1.0
17753,3.0,1.0,-2.0
17754,1.0,1.0,0.0
17755,2.0,1.0,-1.0
17756,4.0,4.0,0.0
17757,3.0,3.0,0.0
17758,3.0,1.0,-2.0
17759,1.0,2.0,1.0
17760,1.0,1.0,0.0
17939,2.0,2.0,0.0
17940,1.0,1.0,0.0
17941,1.0,3.0,2.0
17942,1.0,1.0,0.0
17943,2.0,1.0,-1.0
17944,1.0,1.0,0.0
17945,1.0,1.0,0.0
18059,3.0,1.0,-2.0
18060,1.0,4.0,3.0
18061,4.0,3.0,-1.0
18062,2.0,1.0,-1.0
18063,4.0,2.0,-2.0
18107,2.0,2.0,0.0
18154,2.0,2.0,0.0
18155,1.0,1.0,0.0
18156,4.0,3.0,-1.0
18157,3.0,1.0,-2.0
18158,3.0,1.0,-2.0
18159,1.0,1.0,0.0
18160,2.0,3.0,1.0
18242,1.0,1.0,0.0
18243,2.0,1.0,-1.0
19124,1.0,2.0,1.0
19133,2.0,2.0,0.0
19143,1.0,2.0,1.0
19150,2.0,1.0,-1.0
19151,2.0,2.0,0.0
19155,2.0,1.0,-1.0
19227,2.0,1.0,-1.0
19228,4.0,2.0,-2.0
19229,1.0,1.0,0.0
19231,4.0,1.0,-3.0
19233,3.0,2.0,-1.0
19234,2.0,2.0,0.0
19235,3.0,2.0,-1.0
19236,1.0,1.0,0.0
19238,3.0,3.0,0.0
19239,1.0,1.0,0.0
19240,2.0,2.0,0.0
19241,3.0,1.0,-2.0
19243,1.0,1.0,0.0
19245,1.0,1.0,0.0
19247,3.0,3.0,0.0
19248,1.0,2.0,1.0
19249,1.0,4.0,3.0
19250,3.0,1.0,-2.0
19251,3.0,3.0,0.0
19252,3.0,3.0,0.0
19254,2.0,2.0,0.0
19256,1.0,1.0,0.0
19261,2.0,3.0,1.0
19262,1.0,1.0,0.0
19263,1.0,1.0,0.0
19264,3.0,3.0,0.0
19265,1.0,1.0,0.0
19267,1.0,1.0,0.0
19269,2.0,1.0,-1.0
19273,3.0,1.0,-2.0
19274,1.0,1.0,0.0
19275,1.0,1.0,0.0
19276,1.0,1.0,0.0
19277,1.0,1.0,0.0
19278,2.0,1.0,-1.0
19279,2.0,1.0,-1.0
19280,2.0,1.0,-1.0
19281,4.0,1.0,-3.0
19282,1.0,1.0,0.0
19283,2.0,2.0,0.0
19284,1.0,1.0,0.0
19286,1.0,1.0,0.0
19287,1.0,1.0,0.0
19288,1.0,1.0,0.0
19289,1.0,1.0,0.0
19290,2.0,3.0,1.0
19293,1.0,1.0,0.0
19294,1.0,1.0,0.0
19669,1.0,1.0,0.0
20300,1.0,1.0,0.0
20301,1.0,1.0,0.0
20302,3.0,3.0,0.0
20303,1.0,1.0,0.0
20304,2.0,2.0,0.0
20305,3.0,1.0,-2.0
20306,1.0,2.0,1.0
20307,1.0,3.0,2.0
20308,2.0,4.0,2.0
20309,3.0,1.0,-2.0
20310,2.0,1.0,-1.0
20311,1.0,1.0,0.0
20312,1.0,1.0,0.0
20314,3.0,1.0,-2.0
20315,3.0,1.0,-2.0
20316,1.0,2.0,1.0
20317,2.0,1.0,-1.0
20318,1.0,1.0,0.0
20319,3.0,2.0,-1.0
20320,1.0,1.0,0.0
20321,1.0,1.0,0.0
20322,1.0,1.0,0.0
20323,1.0,1.0,0.0
20324,1.0,2.0,1.0
20325,1.0,1.0,0.0
20326,2.0,1.0,-1.0
20327,1.0,1.0,0.0
20328,4.0,4.0,0.0
20329,1.0,1.0,0.0
20330,2.0,1.0,-1.0
20331,1.0,1.0,0.0
20332,3.0,1.0,-2.0
20333,4.0,4.0,0.0
20334,1.0,1.0,0.0
20335,3.0,4.0,1.0
20336,1.0,1.0,0.0
20337,4.0,1.0,-3.0
20338,1.0,1.0,0.0
20339,4.0,4.0,0.0
20340,1.0,1.0,0.0
20341,1.0,1.0,0.0
20342,4.0,1.0,-3.0
20343,4.0,3.0,-1.0
20344,3.0,3.0,0.0
20384,2.0,1.0,-1.0
20385,2.0,2.0,0.0
20433,1.0,3.0,2.0
20610,1.0,1.0,0.0
20611,1.0,1.0,0.0
20612,3.0,1.0,-2.0
20613,1.0,1.0,0.0
20614,1.0,4.0,3.0
20615,1.0,1.0,0.0
20616,3.0,3.0,0.0
20617,2.0,3.0,1.0
20618,1.0,1.0,0.0
20619,3.0,3.0,0.0
20620,2.0,1.0,-1.0
20621,3.0,4.0,1.0
20622,1.0,4.0,3.0
20623,4.0,4.0,0.0
20624,4.0,2.0,-2.0
20625,1.0,4.0,3.0
20626,1.0,4.0,3.0
20719,4.0,3.0,-1.0
20720,1.0,1.0,0.0
20763,1.0,1.0,0.0
20765,2.0,1.0,-1.0
20766,2.0,1.0,-1.0
20767,1.0,1.0,0.0
20769,2.0,1.0,-1.0
21024,4.0,1.0,-3.0
21025,2.0,3.0,1.0
21026,1.0,1.0,0.0
21027,3.0,4.0,1.0
21028,1.0,2.0,1.0
21029,4.0,4.0,0.0
21030,1.0,1.0,0.0
21031,1.0,1.0,0.0
21032,3.0,1.0,-2.0
21033,4.0,4.0,0.0
21118,4.0,4.0,0.0
21119,1.0,1.0,0.0
21120,3.0,3.0,0.0
21121,2.0,1.0,-1.0
21122,2.0,1.0,-1.0
21123,4.0,2.0,-2.0
21124,1.0,1.0,0.0
21125,4.0,2.0,-2.0
21126,1.0,1.0,0.0
21127,4.0,3.0,-1.0
21128,1.0,1.0,0.0
21129,4.0,4.0,0.0
21130,1.0,2.0,1.0
21131,1.0,1.0,0.0
21178,2.0,1.0,-1.0
21179,2.0,1.0,-1.0
21180,2.0,1.0,-1.0
21181,2.0,1.0,-1.0
21182,2.0,1.0,-1.0
21183,2.0,1.0,-1.0
21184,2.0,1.0,-1.0
21185,2.0,1.0,-1.0
21186,2.0,1.0,-1.0
21187,2.0,1.0,-1.0
21188,2.0,3.0,1.0
21189,1.0,2.0,1.0
21190,1.0,1.0,0.0
21192,1.0,1.0,0.0
21194,2.0,1.0,-1.0
21195,1.0,1.0,0.0
21196,1.0,1.0,0.0
21197,1.0,1.0,0.0
21198,1.0,1.0,0.0
21199,2.0,1.0,-1.0
21436,1.0,1.0,0.0
21438,1.0,1.0,0.0
21567,1.0,1.0,0.0
21568,1.0,1.0,0.0
21570,3.0,1.0,-2.0
21571,1.0,1.0,0.0
21572,1.0,1.0,0.0
21573,1.0,2.0,1.0
21574,3.0,4.0,1.0
21575,3.0,1.0,-2.0
21597,1.0,1.0,0.0
21598,4.0,4.0,0.0
21599,3.0,1.0,-2.0
21600,2.0,4.0,2.0
21601,2.0,1.0,-1.0
21602,2.0,1.0,-1.0
21603,1.0,1.0,0.0
21604,2.0,1.0,-1.0
21605,1.0,1.0,0.0
21606,2.0,2.0,0.0
21607,3.0,1.0,-2.0
21608,1.0,1.0,0.0
21664,1.0,1.0,0.0
21748,4.0,1.0,-3.0
21749,1.0,1.0,0.0
21823,4.0,4.0,0.0
21824,1.0,1.0,0.0
21825,4.0,4.0,0.0
21826,4.0,1.0,-3.0
21827,4.0,4.0,0.0
21828,1.0,1.0,0.0
21882,1.0,1.0,0.0
21945,1.0,1.0,0.0
21947,1.0,1.0,0.0
21950,2.0,1.0,-1.0
22003,4.0,4.0,0.0
22004,2.0,4.0,2.0
22005,2.0,3.0,1.0
22006,4.0,4.0,0.0
22007,1.0,1.0,0.0
22008,2.0,3.0,1.0
22009,3.0,1.0,-2.0
22010,1.0,4.0,3.0
22011,1.0,3.0,2.0
22012,1.0,1.0,0.0
22013,1.0,2.0,1.0
22014,3.0,3.0,0.0
22106,3.0,4.0,1.0
22107,4.0,2.0,-2.0
22108,1.0,3.0,2.0
22109,1.0,1.0,0.0
22110,1.0,1.0,0.0
22111,4.0,1.0,-3.0
22112,2.0,4.0,2.0
22113,4.0,1.0,-3.0
22114,1.0,1.0,0.0
22115,1.0,1.0,0.0
22116,1.0,1.0,0.0
22173,1.0,3.0,2.0
22174,4.0,2.0,-2.0
22175,1.0,1.0,0.0
22176,1.0,1.0,0.0
22379,1.0,1.0,0.0
22444,1.0,3.0,2.0
22445,1.0,1.0,0.0
22446,3.0,3.0,0.0
22447,2.0,3.0,1.0
22448,3.0,3.0,0.0
22449,1.0,1.0,0.0
22450,1.0,3.0,2.0
22451,1.0,1.0,0.0
22452,1.0,3.0,2.0
22453,3.0,1.0,-2.0
22454,2.0,1.0,-1.0
22455,2.0,1.0,-1.0
22456,1.0,1.0,0.0
22457,3.0,3.0,0.0
22458,3.0,3.0,0.0
22459,1.0,2.0,1.0
22460,3.0,3.0,0.0
22461,1.0,1.0,0.0
22462,1.0,1.0,0.0
22673,4.0,1.0,-3.0
22674,4.0,1.0,-3.0
22676,1.0,1.0,0.0
22678,2.0,2.0,0.0
22679,1.0,2.0,1.0
22680,2.0,2.0,0.0
22681,1.0,1.0,0.0
22682,1.0,1.0,0.0
22684,1.0,3.0,2.0
22685,3.0,3.0,0.0
22686,4.0,1.0,-3.0
22688,1.0,1.0,0.0
22689,1.0,3.0,2.0
22690,1.0,1.0,0.0
22692,2.0,1.0,-1.0
22693,1.0,1.0,0.0
22788,1.0,1.0,0.0
22789,1.0,1.0,0.0
22891,2.0,2.0,0.0
22892,1.0,1.0,0.0
22893,4.0,1.0,-3.0
22894,3.0,2.0,-1.0
22895,2.0,4.0,2.0
22896,1.0,2.0,1.0
22897,2.0,2.0,0.0
22898,4.0,1.0,-3.0
22899,3.0,3.0,0.0
22900,1.0,3.0,2.0
22901,4.0,4.0,0.0
22902,3.0,3.0,0.0
22903,4.0,2.0,-2.0
22904,1.0,1.0,0.0
22905,4.0,1.0,-3.0
22906,1.0,1.0,0.0
22907,3.0,1.0,-2.0
22908,1.0,1.0,0.0
22972,1.0,1.0,0.0
23015,2.0,1.0,-1.0
23016,4.0,4.0,0.0
23017,1.0,1.0,0.0
23115,1.0,1.0,0.0
23218,3.0,1.0,-2.0
23219,4.0,3.0,-1.0
23220,2.0,1.0,-1.0
23221,3.0,1.0,-2.0
23222,1.0,1.0,0.0
23416,1.0,1.0,0.0
23417,3.0,1.0,-2.0
23418,3.0,4.0,1.0
23419,1.0,4.0,3.0
23420,3.0,1.0,-2.0
23421,4.0,4.0,0.0
23422,2.0,1.0,-1.0
23423,4.0,1.0,-3.0
23424,3.0,1.0,-2.0
23425,2.0,1.0,-1.0
23426,1.0,3.0,2.0
23427,1.0,1.0,0.0
23428,3.0,2.0,-1.0
23429,4.0,1.0,-3.0
23430,4.0,1.0,-3.0
23431,1.0,3.0,2.0
23432,1.0,4.0,3.0
23433,1.0,1.0,0.0
23434,1.0,1.0,0.0
23435,1.0,1.0,0.0
23436,4.0,4.0,0.0
23586,1.0,1.0,0.0
23587,1.0,1.0,0.0
23588,1.0,4.0,3.0
23589,2.0,1.0,-1.0
23590,3.0,1.0,-2.0
23591,3.0,1.0,-2.0
23592,3.0,4.0,1.0
23655,1.0,1.0,0.0
23886,1.0,4.0,3.0
23887,3.0,3.0,0.0
23888,1.0,4.0,3.0
23889,1.0,2.0,1.0
23890,1.0,1.0,0.0
23891,3.0,3.0,0.0
23915,1.0,1.0,0.0
23916,2.0,1.0,-1.0
23917,1.0,2.0,1.0
23958,3.0,3.0,0.0
23959,4.0,4.0,0.0
23960,3.0,4.0,1.0
24085,1.0,1.0,0.0
24086,1.0,1.0,0.0
24087,4.0,4.0,0.0
24088,3.0,3.0,0.0
24089,1.0,1.0,0.0
24090,1.0,1.0,0.0
24091,1.0,1.0,0.0
24092,4.0,1.0,-3.0
24093,4.0,4.0,0.0
24094,1.0,1.0,0.0
24095,2.0,2.0,0.0
24096,1.0,1.0,0.0
24097,4.0,1.0,-3.0
24098,4.0,4.0,0.0
24099,4.0,1.0,-3.0
24100,1.0,1.0,0.0
24101,1.0,2.0,1.0
24102,4.0,2.0,-2.0
24120,2.0,1.0,-1.0
24203,1.0,1.0,0.0
24233,2.0,1.0,-1.0
24234,1.0,1.0,0.0
24238,3.0,2.0,-1.0
24239,1.0,3.0,2.0
24240,1.0,1.0,0.0
24243,2.0,2.0,0.0
24244,2.0,1.0,-1.0
24274,3.0,1.0,-2.0
24275,3.0,4.0,1.0
24276,1.0,1.0,0.0
24277,2.0,3.0,1.0
24278,1.0,4.0,3.0
24279,1.0,1.0,0.0
24283,3.0,2.0,-1.0
24372,2.0,1.0,-1.0
24376,3.0,1.0,-2.0
24377,1.0,1.0,0.0
24379,3.0,1.0,-2.0
24440,1.0,2.0,1.0
24441,1.0,3.0,2.0
24442,3.0,4.0,1.0
24443,1.0,1.0,0.0
24444,4.0,1.0,-3.0
24445,3.0,1.0,-2.0
24446,1.0,4.0,3.0
24447,3.0,3.0,0.0
24448,2.0,1.0,-1.0
24582,3.0,2.0,-1.0
24584,4.0,4.0,0.0
24585,2.0,2.0,0.0
24637,1.0,4.0,3.0
24638,3.0,1.0,-2.0
24639,4.0,2.0,-2.0
24640,2.0,1.0,-1.0
24641,4.0,4.0,0.0
24642,3.0,3.0,0.0
24643,3.0,1.0,-2.0
24644,2.0,1.0,-1.0
24793,4.0,4.0,0.0
24870,3.0,3.0,0.0
24871,1.0,1.0,0.0
24872,1.0,1.0,0.0
24873,1.0,1.0,0.0
24874,4.0,4.0,0.0
24875,1.0,1.0,0.0
24876,1.0,4.0,3.0
24877,1.0,3.0,2.0
24905,1.0,1.0,0.0
24906,1.0,1.0,0.0
24907,3.0,3.0,0.0
24908,4.0,1.0,-3.0
25026,2.0,3.0,1.0
25027,3.0,1.0,-2.0
25102,1.0,3.0,2.0
25103,1.0,1.0,0.0
25104,2.0,2.0,0.0
25105,3.0,1.0,-2.0
25106,1.0,1.0,0.0
25107,3.0,3.0,0.0
25108,1.0,1.0,0.0
25109,2.0,3.0,1.0
25110,2.0,4.0,2.0
25111,1.0,1.0,0.0
25112,1.0,1.0,0.0
25113,3.0,1.0,-2.0
25114,4.0,1.0,-3.0
25175,1.0,1.0,0.0
25177,1.0,1.0,0.0
25213,2.0,1.0,-1.0
25286,1.0,1.0,0.0
25287,4.0,3.0,-1.0
25288,3.0,1.0,-2.0
25289,4.0,1.0,-3.0
25290,3.0,3.0,0.0
25291,4.0,1.0,-3.0
25305,1.0,2.0,1.0
25307,1.0,1.0,0.0
25315,2.0,2.0,0.0
25319,4.0,4.0,0.0
25320,3.0,1.0,-2.0
25321,3.0,1.0,-2.0
25322,3.0,4.0,1.0
25323,4.0,1.0,-3.0
25324,4.0,1.0,-3.0
25325,3.0,1.0,-2.0
25488,3.0,3.0,0.0
25585,1.0,1.0,0.0
25617,1.0,1.0,0.0
25618,1.0,1.0,0.0
25620,4.0,1.0,-3.0
25670,1.0,1.0,0.0
25671,2.0,2.0,0.0
25672,2.0,4.0,2.0
25673,4.0,2.0,-2.0
25674,1.0,1.0,0.0
25675,1.0,1.0,0.0
25676,2.0,2.0,0.0
25677,3.0,1.0,-2.0
25678,3.0,4.0,1.0
25679,1.0,1.0,0.0
25680,4.0,3.0,-1.0
25681,3.0,3.0,0.0
25682,1.0,1.0,0.0
25683,1.0,1.0,0.0
25684,4.0,3.0,-1.0
25685,2.0,1.0,-1.0
25686,2.0,1.0,-1.0
25687,1.0,1.0,0.0
25688,2.0,1.0,-1.0
25689,1.0,2.0,1.0
25690,1.0,4.0,3.0
25691,2.0,3.0,1.0
25692,1.0,1.0,0.0
25693,4.0,1.0,-3.0
25694,1.0,1.0,0.0
25695,4.0,3.0,-1.0
25696,3.0,1.0,-2.0
25889,4.0,1.0,-3.0
25890,4.0,4.0,0.0
25891,1.0,2.0,1.0
25892,1.0,1.0,0.0
25893,3.0,3.0,0.0
25894,1.0,1.0,0.0
25895,3.0,1.0,-2.0
26018,1.0,1.0,0.0
26019,1.0,2.0,1.0
26020,2.0,1.0,-1.0
26021,2.0,2.0,0.0
26049,4.0,2.0,-2.0
26050,1.0,1.0,0.0
26051,4.0,1.0,-3.0
26052,4.0,1.0,-3.0
26053,3.0,4.0,1.0
26054,4.0,1.0,-3.0
26055,1.0,1.0,0.0
26056,2.0,3.0,1.0
26057,3.0,2.0,-1.0
26058,3.0,1.0,-2.0
26059,4.0,1.0,-3.0
